,subreddit,id,title,selftext,num_comments,score,upvote_ratio,date,flair,url,author,length
0,DefendingAIArt,13doxpt,Wild paranoia in artist community,,16,12,0.8,2023-05-10 15:18:33,,https://i.redd.it/dkxekojbf1za1.jpg,ShaneKaiGlenn,0
2,DefendingAIArt,12yzlsq,"Queen of the Ludds Karla wants Adobe to give ‚Äútransparency‚Äùso she can file more extortion lawsuits. Also, remind me again about how transparent she has been about all that money she grifted from artists with that GoFundMe for ‚Äúlobbying‚Äù.",,29,41,0.93,2023-04-26 02:23:43,,https://i.redd.it/3v1p9jebo5wa1.jpg,Trippy-Worlds,0
3,DefendingAIArt,12sfdt2,"Some artists, such as Peter Gabriel and Donald Glover, adapt. Others whine and demand that the world be the way they want",,29,82,0.93,2023-04-20 03:09:53,,https://i.redd.it/24gd6v9zkxua1.png,Present_Dimension464,0
4,DefendingAIArt,12w6doc,Now AI takes work of existing artists,,28,51,0.92,2023-04-23 15:08:40,,https://i.redd.it/036dzvo12ova1.jpg,First-Idea7065,0
5,DefendingAIArt,12gjvl6,"It's ironic she mentions coal mine, since I don't remember the artistic community getting outraged when actual coal miners lost their jobs. Their whole beef with AI has nothing to do with AI making people to lose their jobs, they just want special protection for a given worker class: theirs",,40,69,0.91,2023-04-09 16:45:13,,https://i.redd.it/al3yskph4vsa1.png,Present_Dimension464,0
9,DefendingAIArt,13ch4j6,Artists discovering AI [meme],,3,30,0.89,2023-05-09 09:00:48,,https://v.redd.it/ubni64fbxqya1,TommyPock,0
11,DefendingAIArt,12vvh2q,"So you should follow the bias of some big corporations instead? Or maybe, as he might prefer, the bias of a so-called enlightened artists elite that simply knows better what is best for humanity? I will tell you what, the arrogance of those people is unbelievable. They DESPISE the common man",,6,12,0.88,2023-04-23 07:25:25,,https://i.redd.it/ofdbhzbh9kva1.png,Present_Dimension464,0
12,DefendingAIArt,12sruyi,Adam Duff's surprising discoveries using AI art as a professional artist,,3,13,0.94,2023-04-20 11:57:15,,https://youtu.be/MsLfrmOhRzw,Froztbytes,0
13,DefendingAIArt,139xbnr,"Not directly related to AI but daily reminder that some ""artists"" want things similar to this to be the norm by law. In the end consumers will take the fallout.",,1,10,1.0,2023-05-06 21:04:21,,https://www.youtube.com/watch?v=xcskKopBUQg,doatopus,0
16,DefendingAIArt,13bfsf4,"Another day, another made-up definition of ""ethical model"". Essentially he is saying : ""an ethical AI art generator has to... not be able to generate AI art""",,38,81,0.95,2023-05-08 09:05:29,,https://www.reddit.com/gallery/13bfsf4,Present_Dimension464,0
17,DefendingAIArt,135dfg8,Very normal behavior,,46,42,0.93,2023-05-02 09:40:01,,https://i.redd.it/kk54xudmnexa1.jpg,JaggedRc,0
18,DefendingAIArt,1375ldc,"After nagging Adobe, now she is going after Vox üòÇ",,26,48,0.93,2023-05-04 04:15:40,,https://i.redd.it/yk33ehivtpxa1.png,Present_Dimension464,0
20,DefendingAIArt,12q6oji,They dont care about ethical AI. They hate ALL AI.,,51,64,0.9,2023-04-18 05:18:37,,https://i.redd.it/p3ydv49myjua1.png,YAROBONZ-,0
21,DefendingAIArt,13altan,Me when I completely misunderstand what I'm arguing against,,13,58,0.95,2023-05-07 15:06:10,,https://i.redd.it/wzbzv2edyfya1.png,Nintell,0
22,DefendingAIArt,136cx2y,"Why do Luddites keep making this disingenuous argument that AI gens wouldn‚Äôt exist without prior art? Um, yeah? Fair Use, in ALL cases, implies there is something prior which is used. Otherwise it wouldn‚Äôt be called Fair *USE*. So AI is totally Fair Use. More precisely, Fair Learning.",,22,29,0.91,2023-05-03 09:52:11,,https://i.redd.it/1b6uohipulxa1.jpg,Trippy-Worlds,0
23,DefendingAIArt,12uug0w,Seems as if the anti-AI community is building walled gardens. I hope we're above this nonsense!,,43,32,0.86,2023-04-22 07:23:24,,https://i.redd.it/gouh6jpl4dva1.png,Tyler_Zoro,0
24,DefendingAIArt,134sk35,Those people are high on crack or something...,,37,71,0.92,2023-05-01 19:56:50,,https://i.redd.it/fu7w4ex539xa1.png,Present_Dimension464,0
25,DefendingAIArt,12wvj9w,"What you mean ""disabling""? I thought Glaze worked. How can you disable some DRM that it's impossible to simply bypass with a few lines of code? This makes no sense üòÇ",,13,49,1.0,2023-04-24 03:02:21,,https://i.redd.it/vdhtr0tb3qva1.png,Present_Dimension464,0
26,DefendingAIArt,136qqkk,"Tobacco industry still exists, still makes billions of dollars every year. And although Napster died, after Napster there was LimeWire, Kazaa, Emule, etc... music labels had to... ADAPT and embrace innovation to survive in the form of streaming music",,9,24,0.94,2023-05-03 18:35:29,,https://i.redd.it/7jxvzsawwmxa1.png,Present_Dimension464,0
27,DefendingAIArt,12on4zb,"wow guys they had a change of heart, we're so validated",,21,39,0.81,2023-04-16 23:08:19,,https://i.redd.it/mrpggcp1zaua1.png,DaySee,0
31,DefendingAIArt,12irj43,This taught me the importance of knowing the difference between someone wanting a debate and an ultra-conservative whose entire purpose is to spew vitriol and kill AI development.,,25,21,0.82,2023-04-11 20:48:26,,https://i.redd.it/2a3guzoq3cta1.jpg,EchoXResonate,0
33,DefendingAIArt,12syqsp,My boy is trying to be nice in an argument and yet OP calls him dumb,,7,47,0.92,2023-04-20 16:29:56,,https://i.redd.it/2gofgiit13va1.jpg,Jon273826,0
35,DefendingAIArt,12vfb63,It worked pretty well for the music industry when they fought music sharing by trying to shutdown the consumption of songs over the internet. That's the reason why we all buy CDs nowadays....,,8,18,0.91,2023-04-22 21:48:15,,https://i.redd.it/x9qktspcehva1.png,Present_Dimension464,0
36,DefendingAIArt,12gdsxu,Really fascinating to see people who are supported by the larger mob create something like this,,17,25,0.93,2023-04-09 11:52:05,,https://i.redd.it/9hc68vz76vsa1.jpg,sp3zisaf4g,0
37,DefendingAIArt,130o31t,"How AI Imagery is Shaking Photojournalism. In this Op-ed, independent photography director and educator Amber Terranova discusses one of the most controversial AI imagery projects in recent weeks | Blind Magazine 04/26/2023",,10,14,1.0,2023-04-27 17:32:48,,https://www.blind-magazine.com/stories/how-ai-imagery-is-shaking-photojournalism/,Tyler_Zoro,0
40,DefendingAIArt,138yl70,"What will he say next? ""Disney animators 20 years ago didn't give their consent to Disney to use their artwork to train models, therefore Disney can't use their art work""? By the way, I already saw anti-AI poster boys, such as Steven Zapata, using this same argument",,5,23,0.9,2023-05-05 22:22:14,,https://i.redd.it/3ypetcl1c2ya1.png,Present_Dimension464,0
46,DefendingAIArt,12xbytx,RE: Sounds like 'could' work. What you guys think?,,2,0,0.5,2023-04-24 14:10:14,,/r/ArtistLounge/comments/12xbbad/database_of_certified_human_artists/,mang_fatih,0
55,aiwars,139pynl,An AI artist explains his workflow,,37,4,0.6,2023-05-06 17:06:47,,https://www.youtube.com/watch?v=K0ldxCh3cnI,Sultan_Of_Ping,0
56,aiwars,13ddcym,I am an artist who does NOT use AI in my work. I did my research and provided my perspective in this video essay. ‚ÄúI Am Not Afraid of AI Art‚Äù,,20,8,0.72,2023-05-10 05:07:28,,https://youtu.be/_nK-MB2zh4w,PaintandSipYT,0
59,aiwars,13b1768,Contrary to what antis want you to believe: many AI artists have background in digital art and can paint really well.,,30,15,0.66,2023-05-07 23:07:10,,https://i.redd.it/o74xj5l6ugya1.png,N30HRTGDV,0
66,aiwars,136av94,Pixiv (JP art platform) will review the terms of service in favor of Traidtional Digital Artists.,,24,15,0.94,2023-05-03 07:59:34,,https://twitter.com/pixiv/status/1653327688554147841?s=20,N30HRTGDV,0
68,aiwars,12x414e,Grimes says she'll split 50-50 to any viral song using her AI voice. Many artists are embracing AI despite the loud minority opposing it.,,33,28,0.78,2023-04-24 08:06:59,,https://twitter.com/Grimezsz/status/1650304051718791170?s=20,N30HRTGDV,0
69,aiwars,1391o36,Chocken Smirk. An graphic artist opinion about AI art,,7,16,0.84,2023-05-06 00:16:27,,https://www.reddit.com/gallery/138khxs,doatopus,0
71,aiwars,12mqb1l,Artist Refuses Prize After His AI Image Wins at Top Photo Contest,,19,18,0.95,2023-04-15 07:45:37,,https://petapixel.com/2023/04/14/artist-refuses-prize-after-his-ai-image-wins-at-top-photo-contest/,WhatDoPlantsCrave,0
72,aiwars,12qnx2r,Midjourney founder basically admits to copyright breaching and artists are angry,,51,4,0.56,2023-04-18 16:56:56,,https://www.digitalcameraworld.com/news/midjourney-founder-basically-admits-to-copyright-breaching-and-artists-are-angry,MikiSayaka33,0
74,aiwars,12hz1u3,"True artists commission their clothes from a seamstress/tailor. They'd never buy them at the mall nor online as that is not only theft and exploitation, but also a souless product that will never equal human skill and creativity. Please support your local seamstress, tailor, shoemaker...",,25,18,0.73,2023-04-11 01:39:02,,https://i.redd.it/298ef8zcv4ta1.jpg,N30HRTGDV,0
76,aiwars,137io8u,Molly Crabapple and the Center for Artistic Inquiry and Reporting have release an open letter: Restrict AI Illustration from Publishing,,6,6,0.87,2023-05-04 15:08:11,,https://artisticinquiry.org/AI-Open-Letter,Me8aMau5,0
77,aiwars,12ymlqy,"It‚Äôs a Trap! ‚ÄúAI art is bad for everyone, not just artists - here's why‚Äù",,13,1,0.53,2023-04-25 18:25:19,,https://youtu.be/g4H8NuoYHsE,Longjumping-You-6869,0
78,aiwars,12j1xiq,"""It‚Äôs not just permissible to use what came before to create what‚Äôs next ‚Äì it‚Äôs impossible not to."" Found this page on Museum of Many Artist's website while searching for public domain artists I like to base prompts on. I found it really reassuring and useful in my search.",,12,12,0.8,2023-04-12 02:30:50,,https://www.moma.co.uk/public-domain-images/,JohnOfSpades,0
79,aiwars,12ml85a,How do you feel about the writer's guild response to AI-generated work to help ensure that artists are respected?,,11,9,0.92,2023-04-15 04:29:47,,https://i.imgur.com/Lz0aKda.png,Velenne,0
81,aiwars,12ml288,Grateful for artists that take a level-headed position that's nuanced and don't devolve into blind hate. Kudos to him.,,7,8,0.9,2023-04-15 04:23:01,,https://twitter.com/JoelCHoltzman/status/1646840651844145154?s=20,N30HRTGDV,0
84,aiwars,12rv7ds,How AI and artists can coexist as collaborators rather than adversaries?,,5,2,0.67,2023-04-19 17:31:49,,https://issuu.com/iscience/docs/i_science_issue_53_creativity_winter_2022_/s/19890550,cityofgoul,0
89,aiwars,12tta0a,What I was talking about...,,103,13,0.7,2023-04-21 09:56:00,,https://i.redd.it/qg1aaceg88va1.jpg,Videogame-repairguy,0
93,aiwars,13aof64,Me when I completely misunderstand what I'm arguing against,,18,19,0.8,2023-05-07 16:57:33,,https://i.redd.it/v51tf7n8igya1.png,Nintell,0
102,aiwars,13bamla,REPORT: Hollywood Studios Are Trying to Claim the Rights to Actors' Voices,,20,21,0.97,2023-05-08 05:11:14,,https://www.cbr.com/hollywood-actors-voices-rights/,MikiSayaka33,0
109,aiwars,12mp6rk,The least angry anti-AI poster,,18,15,0.78,2023-04-15 07:00:36,,https://i.redd.it/e9o21fyy1zta1.png,N30HRTGDV,0
128,aiwars,12s6z3v,StabilityAI files a motion to dismiss,,10,11,0.82,2023-04-19 22:16:57,,/r/DefendingAIArt/comments/12s08c2/stabilityai_files_a_motion_to_dismiss/,kasirnir,0
132,aiwars,12nwpaw,So you want to write an AI art license - giovan_h,,19,2,1.0,2023-04-16 08:26:13,,https://blog.giovanh.com/blog/2023/04/08/so-you-want-to-write-an-ai-art-license/,robomaus,0
138,ArtistLounge,12j6yqc,Why do AI ‚Äúartists‚Äù act like they are being oppressed by real artists,,62,70,0.84,2023-04-12 05:34:12,Medium/Materials,/r/redscarepod/comments/12j6egr/why_do_ai_artists_act_like_they_are_being/,MiseryHeWrote,0
344,aiArt,12w6j1a,Now AI takes work of existing artists,,93,40,0.74,2023-04-23 15:14:09,Discussion :speaking2:,https://i.redd.it/vktz2mw03ova1.jpg,First-Idea7065,0
347,aiArt,132sxkv,"Prompt: biomechanical humanoid cosmic radiation, retro, globular, eruption, hyperdetailed, hyperrealistic splash art, melting, dripping, vivid colors; ink splatter, ink drip; by artist russ mills; trending on Artstation, maximalism, octane render, unreal, 8k, depth of field, bokeh, psychedelic ink",,3,8,0.91,2023-04-29 16:28:06,Stable Diffusion :a2:,https://i.redd.it/togtvoa1stwa1.jpg,widgia,0
348,aiArt,138bkn7,"Stark Landscape, Artist John Emmett, 2023",,2,6,0.72,2023-05-05 08:15:54,Stable Diffusion :a2:,https://i.redd.it/ip4tvmft5yxa1.jpg,artistjohnemmett,0
349,aiArt,12zk20k,"Deceased 2, Artist John Emmett, 2023",,4,3,0.72,2023-04-26 17:58:45,Stable Diffusion :a2:,https://i.redd.it/uwdpl0nlt8wa1.jpg,artistjohnemmett,0
350,aiArt,12vdk4h,Artist impression of the covid pandemic,,3,10,1.0,2023-04-22 20:47:27,DALL E 2 :a2:,https://i.imgur.com/CfKsPlJ.jpg,guesswhatthisisit,0
351,aiArt,13dl028,Prompt:flowers_cosmic_radiation__retro__globular__eruption__hyperdetailed__hyperrealistic_splash_art__melting__dripping__vivid_colors__ink_splatter__ink_drip__by_artist_russ_mills__trending_on_artstation__maximalism__oct,,1,6,1.0,2023-05-10 12:08:08,Stable Diffusion :a2:,https://i.redd.it/52t3rnbpzyya1.jpg,widgia,0
352,aiArt,12npjce,Artist Refuses Prize After His AI Image Wins at Top Photo Contest,,3,15,0.94,2023-04-16 04:05:40,News Article :newspaper:,https://petapixel.com/2023/04/14/artist-refuses-prize-after-his-ai-image-wins-at-top-photo-contest/,YanniRotten,0
355,aiArt,13df1vl,"good for the soul 10, Artist John Emmett, 2023",,1,1,1.0,2023-05-10 06:30:35,Stable Diffusion :a2:,https://i.redd.it/9axqtu6kbxya1.jpg,artistjohnemmett,0
356,aiArt,12qfmhl,White Panther ( prompt /artist uknown),,1,18,0.92,2023-04-18 11:09:09,Stable Diffusion :a2:,https://i.redd.it/8fupe2y2plua1.jpg,widgia,0
357,aiArt,12vgu66,Ai artists,,2,13,1.0,2023-04-22 22:41:17,Midjourney :a2:,https://www.reddit.com/gallery/12vgu66,FlavorbotAI,0
358,aiArt,13aiffr,AAA Freelance Digital Artist,,1,0,0.5,2023-05-07 12:15:29,Other: FOTOR,https://youtube.com/watch?v=HZNWGhgrerQ&feature=share,RhysReborn53,0
359,aiArt,131daca,"Sphinx on Mars, Artist John Emmett, 2023",,1,3,0.81,2023-04-28 04:06:11,Stable Diffusion :a2:,https://i.redd.it/8vdfwjguyiwa1.jpg,artistjohnemmett,0
362,aiArt,12ytpck,The AI artist üßë‚Äçüé®,,2,1,1.0,2023-04-25 22:43:04,Stable Diffusion :a2:,https://i.redd.it/h6vsnbwy23wa1.png,darkside1977,0
363,aiArt,12rqznq,Nightcafe artistic Vs Midjourney v5 - 4k resolution render of a temple in the jungle with the sun shining and beautiful colours,,3,4,0.84,2023-04-19 15:05:47,Comparison,https://www.reddit.com/gallery/12rqznq,Neurxtic,0
364,aiArt,132xs5n,"Allhalloween 18, Artist John Emmett, 2023",,1,1,1.0,2023-04-29 18:16:55,Stable Diffusion :a2:,https://i.redd.it/zmhzo1jkbuwa1.jpg,artistjohnemmett,0
365,aiArt,13d73uk,A new place to find the best Generative AI artists to follow on Twitter,,1,1,0.67,2023-05-10 00:45:22,Discussion :speaking2:,http://aiauthority.news/ai-community,jasonbales21,0
366,aiArt,12kshev,"Mars Cityscape, Artist John Emmett, 2023",,1,7,1.0,2023-04-13 18:14:39,Stable Diffusion :a2:,https://i.redd.it/7r7lin9l4ota1.jpg,artistjohnemmett,0
367,aiArt,12jfw2g,Cyborg Sister prompt: woman_cyborg_sisters__eruption__hyperdetailed__hyperrealistic_splash_art__melting__dripping__vivid_colors__ink_splatter__ink_drip__by_artist_russ_mills,,1,6,0.88,2023-04-12 12:01:57,Stable Diffusion :a2:,https://i.redd.it/iycpaqyz4fta1.jpg,widgia,0
368,aiArt,12otya0,"Gothic, Artist John Emmett, 2023",,1,2,1.0,2023-04-17 02:52:53,Stable Diffusion :a2:,https://i.redd.it/8x1unahq3cua1.jpg,artistjohnemmett,0
369,aiArt,12j89dl,"Mars Cityscape, Artist John Emmett, 2023",,1,3,1.0,2023-04-12 06:23:10,Stable Diffusion :a2:,https://i.redd.it/yxk8k2qmgdta1.jpg,artistjohnemmett,0
370,aiArt,12rllpc,Red Fox ( prompt/artist uknown),,1,1,1.0,2023-04-19 11:09:15,Stable Diffusion :a2:,https://i.redd.it/adnzqn61usua1.jpg,widgia,0
371,aiArt,12tplkf,Psychedelic Artistic Destruction (Zedge pAInt),,1,4,0.75,2023-04-21 06:57:42,Other: Please edit :a2:,https://i.redd.it/yl2gzztmc7va1.jpg,tjex666,0
372,aiArt,133n4yz,"How about an image of a person standing at the edge of a vast canyon, with a sense of awe and wonder at the majesty of nature? The artistic style should take inspiration from the works of Ansel Adams and Hieronimus Bosch, with a focus on breathtaking landscapes and dramatic contrasts. The lighting",,1,1,1.0,2023-04-30 14:50:32,Midjourney :a2:,https://www.reddit.com/gallery/133n4rt,DirectorJumpy9782,0
374,aiArt,132mn8u,The Impact of AI Art on Human Artists,,1,1,1.0,2023-04-29 10:48:17,News Article :newspaper:,https://thereviewstories.com/impact-of-ai-art-on-human-artists/,girishmargam,0
376,aiArt,12i5kig,@donaldglover is looking for an AI Prompt Artist. Here's what I did with his video. ,,1,2,1.0,2023-04-11 05:36:02,Stable Diffusion :a2:,https://v.redd.it/i6xwazcc36ta1,itsgoingtobeawesome,0
377,aiArt,12ue521,Princess Peach Artistic Portraits,,1,2,1.0,2023-04-21 21:47:49,Nightcafe :a2:,https://www.reddit.com/gallery/12ue521,Impossible-Ghost,0
378,aiArt,12knoqy,Artistic car running in the desert!,,1,6,1.0,2023-04-13 15:37:04,lasco.ai,https://i.redd.it/0r7i0oufcnta1.png,CarGeniusAI,0
379,aiArt,12n1g46,"President Zombies: zombie biden trump, perfect composition, beautiful detailed intricate insanely detailed octane render trending on artstation, 8 k artistic photography, photorealistic concept art, soft natural volumetric cinematic perfect light, chiaroscuro, masterpiece.",,1,3,0.8,2023-04-15 15:53:45,Stable Diffusion :a2:,https://i.redd.it/rx4hugbwo1ua1.jpg,widgia,0
380,aiArt,12k3hmw,"AI art tools lead to 40x more output but 70% fewer jobs for Chinese game artists, threatening an entire profession as game publishers aim to reap more profit",,1,3,0.72,2023-04-13 02:20:28,News Article :newspaper:,https://www.artisana.ai/articles/chinas-video-game-ai-art-crisis-40x-productivity-spike-70-job-loss,ShotgunProxy,0
381,aiArt,12pwtzi,"Prompt: A person who seems to be at peace. Negative prompt: A person who doesn't seem to be at peace, Style: Artistic.",,1,2,0.67,2023-04-18 00:06:44,Stable Diffusion :a2:,https://i.redd.it/vb5ul9hxeiua1.jpg,TheSanityInspector,0
382,aiArt,12uigrv,"Two artists combined... Van Gogh ""Sunflowers"" as painted by Pablo Picasso",,1,0,0.5,2023-04-22 00:09:00,DALL E 2 :a2:,https://i.redd.it/wzqybd7wyava1.png,Birtha_Vanation,0
383,aiArt,12iniaw,"Young artists as the movies: Elvis, Elton, Whitney, Michael, Taylor and Marshall",,1,0,0.5,2023-04-11 18:31:17,Midjourney :a2:,https://imgur.com/a/GpHNEHx/,Altruistic_Pen4455,0
385,aiArt,137rqoh,Gorgeous,,3,24,0.84,2023-05-04 19:06:40,Starryai :a2:,https://www.reddit.com/gallery/137rqoh,happyme2023,0
386,aiArt,13bn5l0,"Jared please marry me, I'm 31 yo ai addicted",,7,14,0.69,2023-05-08 15:08:50,Restyle :a2:,https://v.redd.it/ou78x1fpllya1,yashika_26,0
387,aiArt,12lef5q,She x Dragon,,9,189,0.98,2023-04-14 04:16:20,Stable Diffusion :a2:,https://i.redd.it/x6hhg1yglsta1.jpg,WaifuXArt,0
388,aiArt,137u9ju,Poison Ivy,,4,4,0.7,2023-05-04 20:37:53,Starryai :a2:,https://www.reddit.com/gallery/137u9ju,happyme2023,0
390,aiArt,13a0dln,"Sharing the Creation, Organization and Publication Process",,2,0,0.5,2023-05-06 22:58:55,Midjourney :a2:,https://i.redd.it/d5iuaonrn9ya1.png,lionroot_tv,0
392,aiArt,1373wwx,"If you want to see some really cool, unique and aesthetic AI art then check out LAPIS #2832c2",,2,1,0.6,2023-05-04 02:59:51,Midjourney :a2:,https://i.redd.it/pjgfahxbgpxa1.png,BrandNewLogicVL,0
393,aiArt,136xfg8,Same story different cast... What is your view on posting/asking for commissions for AI art?,,1,5,0.86,2023-05-03 22:48:00,Discussion :speaking2:,https://i.redd.it/hzavtsw97oxa1.png,Chmuurkaa_,0
394,aiArt,12ohyqj,Judicator,,5,12,1.0,2023-04-16 20:24:14,Stable Diffusion :a2:,https://i.redd.it/llc5vqwf6aua1.jpg,AinvasArt,0
404,aiArt,12hdue7,"Generated some famous characters from various shows, cartoons, movies, games in the style of Manga",,3,39,0.95,2023-04-10 12:57:01,DALL E 2 :a2:,https://www.reddit.com/gallery/12hdue7,The_Ramdom_Cheese,0
416,aiArt,13483xo,AI Art Prompt Ideas with Examples,,2,1,1.0,2023-05-01 03:46:30,Discussion :speaking2:,/r/aiartdigest/comments/13483d3/ai_art_prompt_ideas_with_examples/,Dr-Tahir-Yaqub,0
418,aiArt,12z0kp0,Check out Jason Scarecrow for some really cool AI generated Sci-Fi & horror concept art,,1,0,0.5,2023-04-26 03:04:48,Discussion :speaking2:,https://i.redd.it/45p5gojfh2wa1.png,BrandNewLogicVL,0
423,aiArt,12ly9ok,- Ongoing Self-Promotion Thread - Promote your projects here!,,2,3,1.0,2023-04-14 17:01:05,ANNOUNCEMENT :megaphone:,https://www.reddit.com/r/aiArt/comments/1040fpe/ongoing_selfpromotion_thread_promote_your/,AutoModerator,0
435,StableDiffusion,138khxs,Chocken Smirk. An graphic artist opinion about AI art,,153,195,0.85,2023-05-05 15:40:42,Meme,https://www.reddit.com/gallery/138khxs,Jiboxemo2,0
436,StableDiffusion,12mzket,Artist Refuses Prize After His AI Image Wins at Top Photo Contest,,211,581,0.96,2023-04-15 14:42:52,News,https://petapixel.com/2023/04/14/artist-refuses-prize-after-his-ai-image-wins-at-top-photo-contest/,mayasoo2020,0
437,StableDiffusion,12k3dep,"AI art tools lead to 40x more output but 70% fewer jobs for Chinese game artists, threatening an entire profession as game publishers aim to reap more profit",,236,251,0.89,2023-04-13 02:16:33,News,https://www.artisana.ai/articles/chinas-video-game-ai-art-crisis-40x-productivity-spike-70-job-loss,ShotgunProxy,0
438,StableDiffusion,135jene,"Hey, I know this one ! Latest Vox video : An AI artist explains his workflow",,23,145,0.94,2023-05-02 15:13:45,News,https://www.youtube.com/watch?v=K0ldxCh3cnI,danamir_,0
439,StableDiffusion,12mufq6,Artist Styles 16 - workflow in comments,,27,251,0.97,2023-04-15 10:47:32,Resource | Update,https://www.reddit.com/gallery/12mufq6,NotSoBright,0
440,StableDiffusion,12w6h9c,Now AI takes work of existing artists,,73,14,0.64,2023-04-23 15:12:18,Discussion,https://i.redd.it/puptk8ho2ova1.jpg,First-Idea7065,0
441,StableDiffusion,12y6csi,"Marilyn, realistic and artistic",,20,77,0.86,2023-04-25 06:11:31,Workflow Not Included,https://www.reddit.com/gallery/12y6csi,lazyspock,0
442,StableDiffusion,12qoou6,Artist Styles 17 - workflow in comments (last of this series),,11,111,0.97,2023-04-18 17:22:29,Resource | Update,https://www.reddit.com/gallery/12qoou6,NotSoBright,0
444,StableDiffusion,12kpf66,Artist Styles 15 - workflow in comments,,10,66,0.96,2023-04-13 16:34:47,Resource | Update,https://www.reddit.com/gallery/12kpf66,NotSoBright,0
445,StableDiffusion,132epg4,"After recently watching ""Moment of Contact"" I thought it would be interesting to take artist Bete Rodrigues' sketch of the Varginha E.T. to see if I could push it closer to a photograph",,7,15,0.89,2023-04-29 03:40:40,Workflow Not Included,https://i.redd.it/nik1wuizvpwa1.png,prefabsprout,0
447,StableDiffusion,13b68wl,I didn't include any style details in my prompt and got this random beauty. What styles/artists could I include in the future to achieve similar results?,,8,6,0.81,2023-05-08 02:11:47,Question | Help,https://i.redd.it/2qj5efwcrhya1.png,zaemis,0
451,StableDiffusion,12ytp5j,The AI artist üßë‚Äçüé®,,2,16,0.94,2023-04-25 22:42:51,Workflow Included,https://i.redd.it/v7grlxxx23wa1.png,darkside1977,0
452,StableDiffusion,13akkn1,Love these artistic sketch marks of old mans,,2,8,0.73,2023-05-07 14:02:58,Resource | Update,https://civitai.com/models/59262/even-sketch-portrait-style,Zygarom,0
455,StableDiffusion,12kjypy,Artists tests and confirms Glaze actually makes fine-tuning ineffective at mid or greater strengh. Thoughts?,,27,0,0.44,2023-04-13 13:19:37,Discussion,https://twitter.com/itzmoepi/status/1646418059899314182?t=DsnznZwFUz_8uTOUoEv3Og&s=19,N30HRTGDV,0
458,StableDiffusion,135rbu8,An animation for my favorite desert blues artists,,1,26,0.94,2023-05-02 18:50:42,Animation | Video,https://youtube.com/shorts/xYaBx_FW--0,LincolnOsiris_,0
459,StableDiffusion,12o75vg,Mix different artist styles in a batch with this simple jupyter notebook,,3,5,0.86,2023-04-16 15:39:27,Resource | Update,https://www.youtube.com/watch?v=zdqrJ6FMEiQ,VanyaPoker,0
462,StableDiffusion,138e72h,"Brightness-Controlnet, great for artistic versions",,1,6,1.0,2023-05-05 10:31:46,Workflow Included,https://www.reddit.com/gallery/138e72h,ML-Future,0
465,StableDiffusion,1356013,Being an artist and using Ai hits different,,1,0,0.33,2023-05-02 03:18:34,Discussion,https://www.reddit.com/gallery/1356013,SomewhereAny6765,0
467,StableDiffusion,136k2x9,Fake Fauxzetta - Multiple artists' style model (link in comment),,1,6,0.87,2023-05-03 16:08:25,Resource | Update,https://www.reddit.com/gallery/136k2x9,Henry_Horn,0
468,StableDiffusion,12ys9st,"Hi guys, me and my team we're another wannabe artist crew playing around with stable diffusion. I did a wall of our test results and put them in a video. Can you guys share your opinion? Do you see potential to go HighRes and put some actual storyline in the videos? Thanks a lot :)",,1,2,1.0,2023-04-25 21:51:01,Animation | Video,https://youtube.com/watch?v=ikT3fotX6FI&feature=share,DeepShorts,0
470,StableDiffusion,13c641h,"So much wrong in one video (""AI Artists"")",,1,1,0.54,2023-05-09 00:52:48,Animation | Video,https://www.youtube.com/watch?v=HCEoUkeoDOY,malcolmrey,0
471,StableDiffusion,12nj9oh,"If this video is true, real artists need not be worried about loosing jobs to AI art anymore.",,4,0,0.18,2023-04-16 00:26:10,News,https://www.youtube.com/watch?v=QtxW39OQbbc,irfarious,0
474,StableDiffusion,12lnw4u,Interview With AI Animation Artist: Drasma. Stable Diffusion,,1,3,0.72,2023-04-14 10:13:32,Discussion,https://www.youtube.com/watch?v=mzdeyosRdj8,Static_Attraction,0
480,StableDiffusion,12z5po0,the struggle of this new medium,,50,88,0.8,2023-04-26 06:59:05,Discussion,https://i.redd.it/iu41z0ff17wa1.png,_Superzuluaga,0
481,StableDiffusion,13cdl2j,My ongoing mission to create the perfect isometric worlds!,,23,262,0.98,2023-05-09 06:05:46,Workflow Not Included,https://twitter.com/DiscoverStabDif,tomeks,0
490,StableDiffusion,12m26if,ControlNet v1.1 Nightly Colab (lineart-anime) üê£ Please Try It,,32,400,0.96,2023-04-14 19:07:01,Resource | Update,https://i.redd.it/6ccbd5otivta1.gif,camenduru,0
492,StableDiffusion,12o6tc2,Before/after lol,,23,255,0.93,2023-04-16 15:26:37,Workflow Not Included,https://www.reddit.com/gallery/12o6tc2,Silver_Depth_7689,0
494,StableDiffusion,12u3m2b,SDXL for architecture is so stunning ! Fine-tuning it will be mind-blowing!,,14,29,0.98,2023-04-21 17:30:25,Comparison,https://i.redd.it/bixp0ew0z8va1.png,briva,0
496,StableDiffusion,130nqpf,One Button Prompt update - prompts in comment,,10,38,0.95,2023-04-27 17:23:41,Resource | Update,https://www.reddit.com/gallery/130nqpf,AIrjen,0
502,StableDiffusion,1375sr4,Dusty Springfield does Deforum,,6,20,1.0,2023-05-04 04:25:18,Animation | Video,https://v.redd.it/12r4btifvpxa1,Casey_works,0
503,StableDiffusion,12h3po2,Found on Instagram üòÇ part-ll,,14,98,0.83,2023-04-10 05:08:09,Meme,https://v.redd.it/3kfkwieitysa1,Future-Leek-8753,0
507,StableDiffusion,131duao,William-Adolphe Bouguereau meets Studio Ghibli,,6,32,0.75,2023-04-28 04:31:43,Workflow Included,https://i.redd.it/9jpzq4be3jwa1.png,southwade,0
509,StableDiffusion,12vjadd,Got access to the Gen-2 beta and created a fake trailer using a mix of text to video and image to video. Eleven labs for voice,,8,33,0.97,2023-04-23 00:05:49,Animation | Video,https://youtube.com/watch?v=NW7TnkdCgGo,Oquaem,0
513,StableDiffusion,13bxeqm,People shitting on ai assisted art... again... Because they don't understand it.,,11,0,0.5,2023-05-08 19:41:53,Discussion,https://i.redd.it/jdqghspkenya1.png,ydkLars,0
514,StableDiffusion,130jkg2,Can't get my openpose image to have any affect on my prompt. Something to do with not being able to load any models in the Controlnet section?,,5,4,0.75,2023-04-27 14:51:52,Question | Help,https://i.redd.it/ukqrw6g51fwa1.png,Suspicious_Custard62,0
515,StableDiffusion,13bro7l,Ultimate SD Upscaling is so cool,,3,13,0.88,2023-05-08 17:20:27,Workflow Not Included,https://i.redd.it/tik00ylm9mya1.png,vinogrq,0
526,StableDiffusion,13490jw,camelliamix25dv2,,3,17,0.74,2023-05-01 04:28:37,Workflow Included,https://www.reddit.com/gallery/13490jw,Comfortable-Act9400,0
527,StableDiffusion,139ezlp,Anti AI Situation,,3,0,0.13,2023-05-06 09:51:42,Meme,https://i.redd.it/jtugvz6ir5ya1.jpg,FernieLono,0
550,StableDiffusion,12swxyo,share your personal negative prompts in comments plis,,11,0,0.45,2023-04-20 15:24:52,Discussion,https://i.redd.it/92xn5j2g81va1.png,ningnongnonignin,0
553,StableDiffusion,12vddxv,/aint-by-Sketch: Stable Diffusion-based image manipulation method with a sketch and reference image,,2,20,0.95,2023-04-22 20:41:21,Resource | Update,https://github.com/kangyeolk/Paint-by-Sketch,heliumcraft,0
554,StableDiffusion,12kyba0,1st day using wildcard...,,4,16,0.9,2023-04-13 21:23:15,Workflow Included,https://i.redd.it/4g38evw42pta1.png,sigiel,0
558,StableDiffusion,13a0ct2,"Sharing the Creation, Organization and Publication Process",,1,0,0.33,2023-05-06 22:57:59,Workflow Included,https://i.redd.it/d5iuaonrn9ya1.png,lionroot_tv,0
563,StableDiffusion,12gwb5e,Stable Diffusion/Deforum as a tool to make engaging social media content & create a visual landscape for my music,,7,6,0.63,2023-04-10 00:25:33,Animation | Video,https://v.redd.it/ts29ynslwysa1,REVOKEsounds,0
566,StableDiffusion,12oyh5v,Explain Please About This Method and Model Link,,4,0,0.13,2023-04-17 05:26:03,Question | Help,https://i.redd.it/vyue0hnxucua1.jpg,MasterAd158,0
568,StableDiffusion,12mghi4,Fr,,3,2,0.63,2023-04-15 01:44:48,Meme,https://i.redd.it/8ka5epknhxta1.jpg,DisasterSpiritual592,0
575,StableDiffusion,12tfmfj,Desert Break: showcasing the power of inpainting and manual edits,,2,12,0.87,2023-04-21 00:23:16,Workflow Included,https://imgur.com/a/ToVNq5l,Stereoparallax,0
578,StableDiffusion,12ili7h,"Taiwan- Rice paddy field,",,2,27,0.94,2023-04-11 17:26:38,Workflow Included,https://www.reddit.com/gallery/12ili7h,mayasoo2020,0
585,StableDiffusion,12g3j18,How to create otherworldly space-inspired paintings influenced by Alan Bean,,3,12,0.83,2023-04-09 03:32:35,Workflow Included,https://youtube.com/shorts/857PDFxP03Q?feature=share,Takeacoin,0
586,StableDiffusion,131k3jr,"Images prompted from the error text, just for science.",,1,12,0.87,2023-04-28 09:52:52,Workflow Included,https://www.reddit.com/gallery/131k3jr,Meowingway,0
596,StableDiffusion,1361g93,Masterpiece using the latest Stable Diffusion XL feature on ArtiGenie app,,1,1,0.57,2023-05-03 00:49:18,Workflow Included,https://i.redd.it/2bdz1cefnhxa1.png,abdellah_dev,0
600,StableDiffusion,12goq67,"This is the product of Stable Diffusion 2.1 when given the prompt ""Painting of a tardigrade in a Vincent van Gogh type style"". AI will not be taking the art world by storm any time soon. I can't stop laughing.",,4,0,0.5,2023-04-09 19:52:57,Discussion,https://www.reddit.com/gallery/12goq67,KnoblauchN001,0
609,midjourney,12z9qyn,Why does ai art get such mean responses? Im an artist of 20 years and i don't like splatter art but it doesn't piss me off LOL,,15,5,0.73,2023-04-26 10:20:41,Discussion,https://i.redd.it/ej4hsxprj6wa1.jpg,culturejamin,0
616,midjourney,1378i8g,"MJ says v5.1 is more ‚Äúopinionated,‚Äù like v4. What does ‚Äúopinionated‚Äù mean?",,5,4,0.84,2023-05-04 06:23:10,Discussion,https://www.reddit.com/r/midjourney/comments/1378i8g/mj_says_v51_is_more_opinionated_like_v4_what_does/,skip_intro_boi,0
628,dalle2,136e3sc,PAC-Man by various Artists.,,1,35,0.92,2023-05-03 11:01:30,Discussion,https://www.reddit.com/gallery/136e3sc,Responsible_Wind_685,0
629,ScienceUncensored,12ivb8x,"‚ÄòOur way of making a living is destroyed,‚Äô says game artist on AI art",,1119,1210,0.88,2023-04-11 22:49:51,,https://metro.co.uk/2023/04/11/our-way-of-making-a-living-is-destroyed-says-game-artist-on-ai-art-18594359/,Stephen_P_Smith,0
630,StableDiffusion,138khxs,Chocken Smirk. An graphic artist opinion about AI art,,153,193,0.85,2023-05-05 15:40:42,Meme,https://www.reddit.com/gallery/138khxs,Jiboxemo2,0
632,StableDiffusion,12k3dep,"AI art tools lead to 40x more output but 70% fewer jobs for Chinese game artists, threatening an entire profession as game publishers aim to reap more profit",,236,251,0.89,2023-04-13 02:16:33,News,https://www.artisana.ai/articles/chinas-video-game-ai-art-crisis-40x-productivity-spike-70-job-loss,ShotgunProxy,0
633,HonkaiImpact,13cy9ml,I would give credit to the artist but this is AI art.,,11,155,0.83,2023-05-09 19:24:16,,https://i.redd.it/9zo3ksip0uya1.jpg,Zealousideal-Plane-8,0
638,Episode,12rf0n5,"Does this episode artist‚Ä¶ draw her art? I feel like they‚Äôre a photo editor who uses AI or stock images, just take a look at some of her art and according to someone who‚Äôs commissioned from her, she never sent sketch or progress of the art just the finished result",,39,55,0.96,2023-04-19 06:20:40,Discussion,https://www.reddit.com/gallery/12rf0n5,epi_sparkle,0
639,aiwars,13ddcym,I am an artist who does NOT use AI in my work. I did my research and provided my perspective in this video essay. ‚ÄúI Am Not Afraid of AI Art‚Äù,,20,6,0.67,2023-05-10 05:07:28,,https://youtu.be/_nK-MB2zh4w,PaintandSipYT,0
645,gameassets,13b5b0a,I created an open-source site that generates pixel art with AI. All images are trained on CC0 / Royalty free datasets /w permission from artists!,,14,76,0.77,2023-05-08 01:35:49,AI Generated,https://www.pixelfy.ai/,MiltownVet,0
646,aiwars,13b1768,Contrary to what antis want you to believe: many AI artists have background in digital art and can paint really well.,,30,15,0.66,2023-05-07 23:07:10,,https://i.redd.it/o74xj5l6ugya1.png,N30HRTGDV,0
647,gaming,12k3cg8,"AI art tools lead to 40x more output but 70% fewer jobs for Chinese game artists, threatening an entire profession as game publishers aim to reap more profit",,56,170,0.89,2023-04-13 02:15:44,,https://www.artisana.ai/articles/chinas-video-game-ai-art-crisis-40x-productivity-spike-70-job-loss,ShotgunProxy,0
648,aiwars,1391o36,Chocken Smirk. An graphic artist opinion about AI art,,7,16,0.84,2023-05-06 00:16:27,,https://www.reddit.com/gallery/138khxs,doatopus,0
649,midjourney,12z9qyn,Why does ai art get such mean responses? Im an artist of 20 years and i don't like splatter art but it doesn't piss me off LOL,,15,5,0.73,2023-04-26 10:20:41,Discussion,https://i.redd.it/ej4hsxprj6wa1.jpg,culturejamin,0
651,ArtistHate,136auad,"Pixiv (JP art sharing platform) Will revise their guidelines to favor artists and limit the amount of ""AI impersonators"" on the plattform.",,8,19,0.89,2023-05-03 07:58:04,Artist Love,https://twitter.com/pixiv/status/1653327688554147841?s=20,N30HRTGDV,0
655,magiarecord,12sv96o,Artist @paru_rari 's art has been used to train AI models without their consent. I don't think there's anything this sub can do about it but I'm spreading the word,,3,39,0.98,2023-04-20 14:22:40,Other,https://twitter.com/paru_rari/status/1648926880828100608,renatocpr,0
657,Human_Artists_Info,12xv8om,"It‚Äôs a Trap! ‚ÄúAI art is bad for everyone, not just artists - here's why‚Äù",,11,12,0.88,2023-04-24 23:28:05,,https://youtu.be/g4H8NuoYHsE,ryan_knight_art,0
658,AskReddit,136a2sf,"People educated in AI, how do you feel about AI creating music or art, in general, and claiming it as a real life artist? Where is the line drawn? Where does this lead us for the future?",,6,1,0.67,2023-05-03 07:16:38,,https://www.reddit.com/r/AskReddit/comments/136a2sf/people_educated_in_ai_how_do_you_feel_about_ai/,SiegeThem,0
659,Human_Artists_Info,138cgqz,"Molly Crabapple and the Center for Artistic Inquiry and Reporting call on artists, publishers, journalists, editors, and journalism union leaders to take a pledge for human values against the use of generative-AI images to replace human-made art.",,4,14,0.9,2023-05-05 09:02:05,,https://artisticinquiry.org/AI-Open-Letter,ryan_knight_art,0
660,NoStupidQuestions,132qi99,"Will humans still be able to make art (using Ai, but still drawing) for money in the future, or is this the death of animation companies, indie artists, and even being able to monetise art as a skill?",,26,0,0.5,2023-04-29 14:30:02,,https://www.reddit.com/r/NoStupidQuestions/comments/132qi99/will_humans_still_be_able_to_make_art_using_ai/,Helpful_Wishbone8379,0
661,AskReddit,12xtzby,What makes it insulting to use AI art you generated to use a reference for what you want an Artist to draw?,,6,4,0.83,2023-04-24 22:47:40,,https://www.reddit.com/r/AskReddit/comments/12xtzby/what_makes_it_insulting_to_use_ai_art_you/,Your_Saddle_Buddy,0
662,DefendingAIArt,12sruyi,Adam Duff's surprising discoveries using AI art as a professional artist,,3,14,1.0,2023-04-20 11:57:15,,https://youtu.be/MsLfrmOhRzw,Froztbytes,0
664,NoStupidQuestions,136ss8c,Why are art AIs considered by some people as trained unethically. Isn‚Äôt every artist who's ever seen another piece of art the same in essence?,,11,1,0.6,2023-05-03 19:51:23,Unanswered,https://www.reddit.com/r/NoStupidQuestions/comments/136ss8c/why_are_art_ais_considered_by_some_people_as/,Vinccool96,0
665,custommagic,139c39d,"Some custom cards i feel like are good enough to post (the one without a artist are ai generated excepted place of dreams, that is the album art for Hawaii part ll by „Éü„É©„ÇØ„É´„Éü„É•„Éº„Ç∏„Ç´„É´)",,2,3,0.64,2023-05-06 07:33:35,,https://www.reddit.com/gallery/139c39d,Resident-Reporter683,0
666,AskReddit,13a1036,How will people be professional artists in a world where Ai art will exist?,,5,3,0.8,2023-05-06 23:22:53,,https://www.reddit.com/r/AskReddit/comments/13a1036/how_will_people_be_professional_artists_in_a/,Helpful_Wishbone8379,0
667,WaifuDiffusion,138puih,101 Anime Artist Prompts for AI Art,,1,10,1.0,2023-05-05 17:38:34,Resource ,https://pdfhost.io/v/TuqNIjR8y_101_Anime_Artist_Prompts_for_AI_Art,suchasockpuppet,0
668,aiwars,12ymlqy,"It‚Äôs a Trap! ‚ÄúAI art is bad for everyone, not just artists - here's why‚Äù",,13,0,0.5,2023-04-25 18:25:19,,https://youtu.be/g4H8NuoYHsE,Longjumping-You-6869,0
675,antiwork,12k3ps8,"AI art tools lead to 40x more output but 70% fewer jobs for Chinese game artists, threatening an entire profession as game publishers aim to reap more profit. Which industry is next at this point?",,4,28,0.97,2023-04-13 02:27:58,,https://www.artisana.ai/articles/chinas-video-game-ai-art-crisis-40x-productivity-spike-70-job-loss,ShotgunProxy,0
676,AskReddit,131ziu9,"Artists and photographers of Reddit, what is all of your opinions on ai photography? Images that get more realistic than typical art but look like real images? [Serious]",,4,3,1.0,2023-04-28 19:21:42,Serious Replies Only,https://www.reddit.com/r/AskReddit/comments/131ziu9/artists_and_photographers_of_reddit_what_is_all/,threadit_rowaway,0
678,Youtubeviews,1397yqg,Create Jaw-Dropping Cover Art with Just a Few Clicks! Unlock the Magic of HQ Mar and Artist.ai!,,1,0,0.5,2023-05-06 04:28:40,,https://youtube.com/shorts/VXOlvxPMA9Y?feature=share,Dangerous-Comment963,0
679,AskReddit,139o26n,"What would be your considerations for taking on commissions that require you to retouch AI art, as a digital artist or someone who has had experience with the field?",,1,0,0.5,2023-05-06 16:36:28,,https://www.reddit.com/r/AskReddit/comments/139o26n/what_would_be_your_considerations_for_taking_on/,FrontBrandon,0
681,Promote_Your_Channel,1397q0x,Create Jaw-Dropping Cover Art with Just a Few Clicks! Unlock the Magic of HQ Mar and Artist.ai!,,1,1,1.0,2023-05-06 04:18:06,VIdeos,https://youtube.com/shorts/VXOlvxPMA9Y?feature=share,Dangerous-Comment963,0
687,Human_Artists_Info,136fzvi,The Concept Art Association is currently only 15k away from Protecting Artists from AI Technologies: Donate today if you can,,1,9,0.91,2023-05-03 12:53:15,,https://gofund.me/2df3dc07,ryan_knight_art,0
689,nottheonion,12sholf,"AI Art Wins Sony World Photography Award, Artists Refuses Award",,1,44,0.81,2023-04-20 04:41:33,,https://www.bbc.com/news/entertainment-arts-65296763,janeohmy,0
695,rethinkArt,13bp6zx,"Artists Sue Midjourney, Stability AI ‚Äî The Case Could Change Art",,1,1,1.0,2023-05-08 16:31:04,,https://www.artnews.com/art-in-america/features/midjourney-ai-art-image-generators-lawsuit-1234665579/,Me8aMau5,0
697,StableDiffusion,12nj9oh,"If this video is true, real artists need not be worried about loosing jobs to AI art anymore.",,4,0,0.31,2023-04-16 00:26:10,News,https://www.youtube.com/watch?v=QtxW39OQbbc,irfarious,0
704,u_SinamonGiokat,12nf6xc,"Is AI the artist, or is it the work of art?",,1,1,1.0,2023-04-15 22:14:14,,https://www.reddit.com/r/u_SinamonGiokat/comments/12nf6xc/is_ai_the_artist_or_is_it_the_work_of_art/,SinamonGiokat,0
708,aiArt,132mn8u,The Impact of AI Art on Human Artists,,1,1,1.0,2023-04-29 10:48:17,News Article :newspaper:,https://thereviewstories.com/impact-of-ai-art-on-human-artists/,girishmargam,0
710,midjourney,12k3ecu,"AI art tools like Midjourney lead to 40x more output but 70% fewer jobs for Chinese game artists, threatening an entire profession as game publishers aim to reap more profit",,1,10,0.92,2023-04-13 02:17:26,In The World,https://www.artisana.ai/articles/chinas-video-game-ai-art-crisis-40x-productivity-spike-70-job-loss,ShotgunProxy,0
711,u_HilinerQursan,12gv2dj,"What do you think, as an artist, of AI art?",,1,1,1.0,2023-04-09 23:41:20,,https://www.reddit.com/r/u_HilinerQursan/comments/12gv2dj/what_do_you_think_as_an_artist_of_ai_art/,HilinerQursan,0
715,aiArt,12k3hmw,"AI art tools lead to 40x more output but 70% fewer jobs for Chinese game artists, threatening an entire profession as game publishers aim to reap more profit",,1,4,0.83,2023-04-13 02:20:28,News Article :newspaper:,https://www.artisana.ai/articles/chinas-video-game-ai-art-crisis-40x-productivity-spike-70-job-loss,ShotgunProxy,0
723,AIandRobotics,12k3jx3,"AI art tools lead to 40x more output but 70% fewer jobs for Chinese game artists, threatening an entire profession as game publishers aim to reap more profit",,1,2,1.0,2023-04-13 02:22:34,Miscellaneous,https://www.artisana.ai/articles/chinas-video-game-ai-art-crisis-40x-productivity-spike-70-job-loss,AIandRobotics_Bot,0
725,GeneticGenealogyNews,12n4e15,AI art generators face backlash from artists - but could they unlock creative potential?,,1,1,1.0,2023-04-15 17:23:17,,https://news.sky.com/story/ai-art-generators-face-backlash-from-artists-but-could-they-unlock-creative-potential-12857072,ElectronicFudge5,0
730,Showerthoughts,138ls7e,"There is a very real chance that music labels will use AI to produce fake songs of deceased artists, pretending they recorded them before their death...",,116,1536,0.96,2023-05-05 16:29:42,,https://www.reddit.com/r/Showerthoughts/comments/138ls7e/there_is_a_very_real_chance_that_music_labels/,BaguetteOfDoom,0
731,ArtistHate,13bgzb8,"AI ""artist"" explains why he doesn't want to share his prompts",,103,93,0.88,2023-05-08 10:06:12,Promters,https://i.redd.it/vi9dnxe24kya1.png,P14y3r,0
732,StableDiffusion,12mzket,Artist Refuses Prize After His AI Image Wins at Top Photo Contest,,211,575,0.96,2023-04-15 14:42:52,News,https://petapixel.com/2023/04/14/artist-refuses-prize-after-his-ai-image-wins-at-top-photo-contest/,mayasoo2020,0
733,ufc,134mymb,I think this man is the greatest martial artist of all time. He puts art is martial arts. No one comes close.,,373,2327,0.93,2023-05-01 16:47:30,,https://i.imgur.com/2tYHqqP.jpg,assologist_1312,0
735,photography,12mctib,Artist Refuses Prize After His AI Image Wins at Top Photo Contest,,108,282,0.97,2023-04-14 23:46:41,Discussion,https://petapixel.com/2023/04/14/artist-refuses-prize-after-his-ai-image-wins-at-top-photo-contest/,0913856742,0
736,KingOfTheHill,135jeum,Finally hung this amazing art I purchased. I lost the artist‚Äôs u/,,118,2676,0.97,2023-05-02 15:14:00,,https://i.redd.it/mt779ac5bgxa1.jpg,BartholomewVonTurds,0
737,AskReddit,137laof,Do you believe you can separate the art from the artist? Why or why not?,,457,130,0.84,2023-05-04 16:50:58,,https://www.reddit.com/r/AskReddit/comments/137laof/do_you_believe_you_can_separate_the_art_from_the/,dream__weaver,0
738,FireEmblemHeroes,13aazjw,Hidari (artist for SOV and Brave Alm/Celica) did Fallen F!Byleth's art!,,121,1091,0.98,2023-05-07 06:10:06,Chat,https://www.reddit.com/gallery/13aazjw,MyKokoroBrokoro,0
739,Destiny,12tgr8r,painting out of spite because I was called an ai artist,,41,418,0.97,2023-04-21 01:05:07,GIGACHAD,https://www.reddit.com/gallery/12tgr8r,Kool_bear,0
742,StableDiffusion,135jene,"Hey, I know this one ! Latest Vox video : An AI artist explains his workflow",,23,142,0.94,2023-05-02 15:13:45,News,https://www.youtube.com/watch?v=K0ldxCh3cnI,danamir_,0
743,fivenightsatfreddys,135g8mh,"LadyFiszi, the former FNaF Artist is posting Scrapped Concept Art from Security Breach",,132,1443,0.99,2023-05-02 12:39:19,Artwork,https://www.deviantart.com/ladyfiszi/art/FNAF-Security-Breach-Gator-Guy-960503748,GBAura-Recharged,0
745,ShitPostCrusaders,13bhils,Something something AI art,,61,3038,0.99,2023-05-08 10:33:29,Manga Part 8,https://i.redd.it/1qepjaymqlya1.jpg,ReallyVrain,0
747,Showerthoughts,1341sj5,Ai generated art is a lot like our dreams‚Ä¶ you get the general idea but the small details are slightly off,,112,2802,0.97,2023-04-30 23:15:18,,https://www.reddit.com/r/Showerthoughts/comments/1341sj5/ai_generated_art_is_a_lot_like_our_dreams_you_get/,AdGlobal4164,0
750,MapPorn,12rpzpn,"Im an artist that focuses on map art. This is Silverstone Circuit, the first in a series of detailed hand drawn Formula1 circuits that I'll be doing. Hope you enjoy looking at it!",,134,5512,0.97,2023-04-19 14:27:01,Quality Post,https://i.redd.it/93z02q9zavua1.jpg,CamTron89,0
751,dankmemes,12pprcj,Bonus points if they have personal grudge wit AI art,,203,3613,0.94,2023-04-17 20:23:53,I'll be shame-deleting this later :pikachu:,https://i.redd.it/18tkj6x1bhua1.png,Larsonpl,0
752,LV426,13d1pw8,Midjourney ai art of Mary Elizabeth Winstead as Ripley,,97,486,0.8,2023-05-09 21:27:24,Art / Creations,https://i.redd.it/6edj7amkmuya1.png,starke24,0
754,ClassroomOfTheElite,138hkkj,Choose one to kiss [AI Art],,92,833,0.92,2023-05-05 13:30:16,Art (AI-generated),https://i.redd.it/0hk8eq1vpzxa1.jpg,asilvertintedrose,0
755,MxRMods,13cc5qd,When you are trying to make some cute AI art but you push the AI a little to far (scuffed),,58,1093,0.97,2023-05-09 05:05:13,Fan Art,https://www.reddit.com/gallery/13cc5qd,Frankie_87,0
756,HungryArtists,138hso0,[HIRING] $100 - $150 Budget. Need an artist for a character portrait with a similar style to this image (semi-realistic anime). I'll be using it for social media profile pictures. Please include your email and art portfolio in your comment.,,163,192,0.99,2023-05-05 13:41:00,Position Filled,https://i.redd.it/h1cpjvruqzxa1.jpg,NoraASMR,0
757,49ers,134zsl1,NFL announced on instagram it had AI design art for every team‚Äôs city. Here‚Äôs ours:,,125,673,0.91,2023-05-01 23:08:26,,https://i.redd.it/f8vutp461axa1.jpg,Brilliant_Exit3406,0
758,interestingasfuck,12pw2pm,"This Sony's world photography award winning picture by German artist Boris Eldagsen was AI-generated to intentionally provoke a debate. The artist said that he applied for the award to find out if competitions would be prepared for AI images to enter. ‚ÄúThey are not,‚Äù he added.",,38,188,0.85,2023-04-17 23:43:44,,https://i.redd.it/r5hpen4xaiua1.jpg,VAMSI_BEUNO,0
759,StardustCrusaders,134802r,Which art style is your favorite and what di you think of Araki's artistic evolution,,175,2654,1.0,2023-05-01 03:41:41,No Spoilers - Discussion,https://i.redd.it/kmb7ju9sq5xa1.jpg,Patient-Session-3489,0
760,steinsgate,12zptoa,I asked AI to draw me some steins gate art and this what it gave me,,144,902,0.87,2023-04-26 19:43:13,S;G Art,https://www.reddit.com/gallery/12zptoa,Monster-039,0
761,okbuddyvowsh,138jtes,The AI art debate has created some whacky ass dumbfuck bubbles,,97,480,0.91,2023-05-05 15:12:21,AI generated,https://i.redd.it/b2htdalk70ya1.png,Globohomie2000,0
762,berlin,12t0biv,A couple of artists painted a beautiful art honoring filmmaking. It took 2 days for someone to paint this above it.,,530,923,0.94,2023-04-20 17:23:44,Casual,https://i.redd.it/0223fopeb3va1.jpg,Thisandthatiki,0
763,redrising,13c3ct7,"A little tired of AI art, so I thought I‚Äôd share some OC. Darrow by me.",,64,610,0.99,2023-05-08 23:14:33,Fan art,https://i.redd.it/m1znr52fipya1.jpg,celtaa,0
766,PublicFreakout,135xapn,Graffiti artist goes over street art in Brooklyn,,129,268,0.82,2023-05-02 22:12:22,,https://v.redd.it/03y38j4fmdi21,Turkey-Snood,0
768,pcmasterrace,12xjoyo,The Art. The Artist.,,105,1185,0.97,2023-04-24 18:06:00,Story,https://www.reddit.com/gallery/12xjoyo,Melvzz,0
769,shittydarksouls,133xduj,Amazing Fromsoft art. Artist: @Shimhaq on insta,,70,1097,0.98,2023-04-30 20:10:53,,https://i.redd.it/t9h58b0di3xa1.jpg,SaleOpening5150,0
770,formula1,12yfz3w,"Hello, I'm a Canadian artist that specializes in hand drawn map art, and I'm working on a series of F1 Circuits that I thought would be of interest here. This is what I did for Silverstone. Thanks for looking!",,87,1326,0.97,2023-04-25 14:01:33,:post-art: Art,https://www.reddit.com/gallery/12yfz3w,CamTron89,0
771,RandomThoughts,135nkoh,"I have no sincere interest in AI written movies, shows, really anything. To me it's novelty, it's like a house built out of Lego, it's cool to look at, but would I live in it? f' no! The human is essential to authentic art, just as the word ""art"", is necessary to spell the word ""heart"".",,162,176,0.75,2023-05-02 17:53:39,,https://www.reddit.com/r/RandomThoughts/comments/135nkoh/i_have_no_sincere_interest_in_ai_written_movies/,MeanwhilePod,0
772,aiArt,12w6j1a,Now AI takes work of existing artists,,93,38,0.73,2023-04-23 15:14:09,Discussion :speaking2:,https://i.redd.it/vktz2mw03ova1.jpg,First-Idea7065,0
775,goodanimemes,1334zvh,Can't remember if Ai art was banned or not.,,66,1138,0.94,2023-04-29 22:51:42,Animeme,https://i.redd.it/5bhnxsdiovwa1.png,Galtherok,0
777,Iteration110Cradle,13anwdr,[Unsouled] Suriel The Phoenix - AI Art,,66,322,0.86,2023-05-07 16:35:41,Cradle,https://i.redd.it/novzhoicegya1.jpg,RobbieTheLooker,0
778,Wellworn,12s4hmg,The art and the artist 11 years later,,71,3324,0.98,2023-04-19 20:53:03,,https://i.redd.it/dhs03jru7xua1.jpg,Professional_Tea_,0
780,aiwars,139pynl,An AI artist explains his workflow,,37,4,0.6,2023-05-06 17:06:47,,https://www.youtube.com/watch?v=K0ldxCh3cnI,Sultan_Of_Ping,0
781,craftsnark,133xjj7,Lion Brand showcasing an AI series of photos and defending it as ‚Äúdigital art‚Äù ‚Ä¶ rather than actual handiwork.,,103,375,0.97,2023-04-30 20:17:35,Knitting,https://i.redd.it/50ni5hvjj3xa1.jpg,buffythethreadslayer,0
782,Destiny,133pote,Guy who called destiny a cuck on Charlie's podcast has unpopular take on AI replacing artists.,,48,33,0.87,2023-04-30 16:12:19,Twitter,https://twitter.com/alex_kuhn_art/status/1652314733133832194,DegenerateGandhi,0
783,distractible,136u3so,I put the boys google descriptions in an AI art generator and got this,,103,232,0.88,2023-05-03 20:40:57,Fan Art,https://www.reddit.com/gallery/136u3so,Dan6520,0
784,toptalent,12pok7d,"Awesome Creativity From Visual Artist Deniz Sagdig, Who Turns Waste Products Into Awesome Art!",,70,3661,0.98,2023-04-17 19:44:45,Artwork :SmilingPodium:,https://v.redd.it/htyqjuduliua1,Poohbizzle79,0
785,manga,12zk5rc,[ART] ‚ÄúOshi no Ko‚Äù Queen Ai Hoshino Special Illustration,,47,2691,0.98,2023-04-26 18:02:19,ART,https://i.redd.it/encta6f7u8wa1.jpg,zenzen_0,0
789,Kanye,134oidv,Kanye West' Discography Cover Art but is AI,,64,643,0.95,2023-05-01 17:47:34,,https://www.reddit.com/gallery/134oidv,LoicReviews,0
790,shittytattoos,12s9tsx,‚ÄúIt‚Äôs not an art style for everyone and i dont want to pay for a traditional piece that any artist could do‚Äù,,121,659,0.91,2023-04-19 23:55:37,,https://i.redd.it/j5lf133f4yua1.jpg,polarbearscantwrite,0
792,BocchiTheRock,1376v50,"Artist: @JONEYdcd(Twitter), TLTSQC: Me, (1-4 Comic) (5-10 Bokita Art)",,33,1094,0.99,2023-05-04 05:11:03,Fan Art [non-OC],https://twitter.com/joneydcd/status/1648159423129432066?s=46&t=M1Ea30JAd3MVu-YPMcbR2g,RafutariaFan4Life,0
793,XenoGears,13ae7xl,"I think AI art is great, especially for a game like Xenogears where the fanart scene is long since dead, but I think some ground rules and minimum quality standards would be good.",,67,194,0.82,2023-05-07 08:40:30,Artwork / Creation,https://i.redd.it/b4dal79zjcya1.png,Incognit0ErgoSum,0
795,HotWheels,133b8cd,Used an AI art generator to create ‚Äúaverage hot wheels collector‚Äù.,,71,508,0.96,2023-04-30 03:29:45,Discussion,https://i.redd.it/5ynikovqjywa1.jpg,kNOwSK177,0
797,LoriVallow,12xs9bw,[OC] I'm attending the trial this week as a courtroom sketch artist. Here's my art from this morning with Rexburg Police Detective David Stubbs on the stand.,,91,499,0.98,2023-04-24 21:46:51,Courtroom Sketch,https://www.reddit.com/gallery/12xs9bw,yosb,0
798,sololeveling,132ohim,Cha Hae-In AI art,,38,1818,0.95,2023-04-29 12:36:16,Art,https://i.redd.it/jb7rw5ac4uwa1.jpg,SoloLevelingMemes,0
799,swordartonline,13d3zz5,Asked ai to explain sword art online and I love it üòÇ,,44,264,0.96,2023-05-09 22:50:47,,https://i.redd.it/77uoy6z2jwya1.jpg,Banana_Burke,0
802,ClassroomOfTheElite,139j0up,Detention with Sensei [AI Art],,35,697,0.97,2023-05-06 13:25:47,Art (AI-generated),https://i.redd.it/zijgg5w0u6ya1.jpg,asilvertintedrose,0
803,goodanimemes,12wsor3,AI chan is confronted by an artist,,11,138,0.94,2023-04-24 01:28:25,Original Art,https://www.reddit.com/gallery/12wsor3,leonleungjeehei,0
805,formula1,13ci84i,"Hello, I'm a Canadian artist that does pen and ink map art. I'm currently working on a few F1 track maps. I posted Silverstone a couple weeks ago and here is my map of Spa! Thanks for looking!",,27,470,0.94,2023-05-09 10:03:39,:post-art: Art,https://www.reddit.com/gallery/13ci84i,CamTron89,0
806,SubstituteTeachers,12yo91u,LT Art sub. One of my students left word art on my desk. Y‚Äôall this is a work of art. I feel like I should make a slide show on the importance as to why an artist should sign their work.,,85,379,0.99,2023-04-25 19:25:14,Other,https://i.redd.it/y8cyi9pnl3wa1.jpg,theperishablekind,0
807,TheWeeknd,13bzmx3,The Art & The Artist,,25,557,1.0,2023-05-08 21:02:56,Artwork,https://i.redd.it/mgphmwqxuoya1.jpg,Dry_Procedure1404,0
811,ClassroomOfTheElite,136gr7o,About to kiss sensei [AI Art],,30,985,0.95,2023-05-03 13:34:43,Art (AI-generated),https://i.redd.it/ukbstssdymxa1.jpg,asilvertintedrose,0
812,StableDiffusion,12w6h9c,Now AI takes work of existing artists,,73,14,0.64,2023-04-23 15:12:18,Discussion,https://i.redd.it/puptk8ho2ova1.jpg,First-Idea7065,0
813,redscarepod,1318cdt,94 years old street artist Agnes Kasparkova turns her small village into her art gallery.,,41,888,0.98,2023-04-28 00:46:35,,https://www.reddit.com/gallery/1318cdt,-_-b0t0xc4t-_-,0
814,antiwork,1330utg,"Trying to go against the social concept of a 9 to 5 job and become a full time artist, I‚Äôm half way there moved my job down to part time and going art part time",,46,526,0.96,2023-04-29 19:56:35,,https://i.redd.it/jwcbvlwvawwa1.jpg,alternateartreality,0
815,gratefuldead,135wd6n,"53 years ago today - AI-upscaled hi-res album cover art for Dave's Picks, Vol. 8: May 2, 1970, Harpur College, Binghamton, NY (2400x2400)",,57,279,0.99,2023-05-02 21:37:25,,https://i.redd.it/fk9tq0u2qgxa1.jpg,copperdomebodhi,0
817,DonToliver,12pxg63,"I think I just created a new artist with Ai, ''Don Scott'' (Ai Voice Changer)",,24,40,0.9,2023-04-18 00:24:56,Video,https://v.redd.it/89y27truhiua1,Sufficient_Ad_7819,0
818,bangladesh,135lmph,Bengali Wife [AI Art],,65,175,0.94,2023-05-02 16:44:22,Art/Photography,https://i.redd.it/c8qxmtrj9fxa1.jpg,BlackGold2804,0
819,ArtistLounge,12j6yqc,Why do AI ‚Äúartists‚Äù act like they are being oppressed by real artists,,62,70,0.84,2023-04-12 05:34:12,Medium/Materials,/r/redscarepod/comments/12j6egr/why_do_ai_artists_act_like_they_are_being/,MiseryHeWrote,0
821,linuxmemes,1386iaz,New /r/LinuxMemes Logo. Do you like it? Should we use it? Let me know if it's too low resolution. This is a very mixed combination of different techniques. Inkscape was used for the colors in the background. The original gimp pepper was fed to an ai art program. Gimp controlled the colors.,,43,248,0.95,2023-05-05 04:27:41,META,https://i.redd.it/864wljfh0xxa1.png,happycrabeatsthefish,0
824,NovelAi,1356k77,"There's supposed to be a martial artist in there somewhere, but in the face of the AI's recalcitrance, have some landscapes!",,13,78,0.98,2023-05-02 03:44:30,NAI Image Art,https://www.reddit.com/gallery/1356k77,MoroseApostrophe,0
825,magicTCG,12zc8y8,"Help finding art on packaging? I've looked everywhere including the artist's site. not the card art, the art from the package.",,107,1000,0.95,2023-04-26 12:37:53,Official Artwork,https://i.redd.it/qgmo78x587wa1.jpg,CptBarba,0
827,vancouver,12qw0vh,"Vancouver risks becoming a city without art; as studio spaces become harder to find, artists say",,229,590,0.92,2023-04-18 19:54:29,Local News,https://www.cbc.ca/news/canada/british-columbia/vancouver-risks-becoming-a-city-without-art-as-studio-spaces-become-harder-to-find-artists-say-1.6813142,another1human,0
828,PokemonScarletViolet,1350sjn,There's just something about pixel art that's gets me. It might be nostalgia but I love it. I'd happily play a new game in this style. [Original artist SlyCarted789],,21,1193,0.98,2023-05-01 23:46:56,Fanart,https://i.redd.it/mnpuv2itpbxa1.png,SickamoreTreez,0
829,VioletEvergarden,131ppam,Violet art generated by AI,,43,573,0.87,2023-04-28 15:02:39,Fanwork,https://i.redd.it/g75dcb1p7mwa1.png,Doodyboy69,0
830,XboxSeriesX,137ropm,New Blizzard patent details an AI system to make art for its games,,71,88,0.86,2023-05-04 19:04:45,:news: News,https://www.pcgamer.com/new-blizzard-patent-details-an-ai-system-to-make-art-for-its-games/?utm_medium=social&utm_source=twitter.com&utm_campaign=socialflow,F0REM4N,0
833,DefendingAIArt,12w6doc,Now AI takes work of existing artists,,28,50,0.93,2023-04-23 15:08:40,,https://i.redd.it/036dzvo12ova1.jpg,First-Idea7065,0
834,yakuzagames,13dmoil,This is the most BASED thing i have ever seen in the series: Kaiji Tang (Ichiban English VA) personally commission an artist to draw Ichiban art for him (The artist is ddengart on Twitter),,17,453,0.98,2023-05-10 13:38:19,SHOWCASE,https://i.redd.it/8km8q4kfx0za1.jpg,jack-468,0
837,overlord,139tf38,Really cool art of Ainz (artist:@KSUWABE),,19,564,1.0,2023-05-06 18:43:24,Art,https://i.redd.it/2rtb2308w9ya1.jpg,pav9000,0
838,DefendingAIArt,138v4d5,This is just unnecessary... like do they not know this is just how the ‚Äúart world‚Äù is? Most don‚Äôt get successful it has nothing to do with ai or not,,60,72,0.88,2023-05-05 20:13:50,,https://i.redd.it/ng5y1q9xp1ya1.jpg,Gal-Rox-with-Did,0
839,ClassroomOfTheElite,139hu7p,Maid cafe [AI Art],,27,308,0.94,2023-05-06 12:21:36,Art (AI-generated),https://www.reddit.com/gallery/139hu7p,LeaguePlayful6325,0
843,aiwars,12x414e,Grimes says she'll split 50-50 to any viral song using her AI voice. Many artists are embracing AI despite the loud minority opposing it.,,33,29,0.79,2023-04-24 08:06:59,,https://twitter.com/Grimezsz/status/1650304051718791170?s=20,N30HRTGDV,0
844,phclassifieds,1389s6j,"Ballpoint Pen Art using ordinary Bic blue ballpen, Artist: Ralvin Dizon",,25,316,1.0,2023-05-05 06:48:22,Freelancers,https://www.reddit.com/gallery/1389s6j,RalvinDizon,0
846,magicTCG,135w3su,"Full art Seraph Sanctuary and Emeria, the Sky Ruin from my Artist Series!",,21,604,0.99,2023-05-02 21:27:38,Official Artwork,https://i.redd.it/1ow4r6ecogxa1.jpg,alayna_danner,0
847,FridayNightFunkin,1353h35,The FNF Community Art Collab 2 (All artists will be linked in the comments),,107,218,0.98,2023-05-02 01:33:01,Art :red:,https://i.redd.it/wuf0p8z3laxa1.png,Coalbee1126,0
848,InstaCelebsGossip,137h637,What art? What artist?,,39,130,0.96,2023-05-04 13:58:43,Discuss,https://i.redd.it/vcd035ol7uxa1.jpg,Maleficent-Army-4758,0
849,DCcomics,12qo8ae,[Fan Art] HAPPY SUPERMAN ANNIVERSARY! My tribute to the many creatives and artists who have worked on my favorite fictional character.,,115,1249,0.97,2023-04-18 17:07:29,Artwork,https://i.redd.it/egs1hu5pyoua1.jpg,TLupart9,0
850,okbuddyvowsh,132qjkh,The definitive anti-anti-AI art take.,,58,142,0.94,2023-04-29 14:31:45,AI generated,https://i.redd.it/ocvcgpq97twa1.jpg,Globohomie2000,0
851,DefendingAIArt,13bfsf4,"Another day, another made-up definition of ""ethical model"". Essentially he is saying : ""an ethical AI art generator has to... not be able to generate AI art""",,38,82,0.96,2023-05-08 09:05:29,,https://www.reddit.com/gallery/13bfsf4,Present_Dimension464,0
852,repbudgetsneakers,134w3u6,If yeezy made any of these y‚Äôall copping? This is just some AI art.,,57,98,0.85,2023-05-01 20:54:01,:Laugh: :Laugh: MEME :NOSHIT: :NOSHIT:,https://i.redd.it/5cfxnntyuaxa1.jpg,Wise_Jellyfish8789,0
855,VioletEvergarden,12xx89r,Some AI generated art I thought looked cool,,57,253,0.77,2023-04-25 00:30:27,Miscellaneous,https://www.reddit.com/gallery/12xx89r,Doodyboy69,0
856,MadeInAbyss,12mhlh8,Some AI art of our two best girls,,81,498,0.76,2023-04-15 02:21:22,AI Generated,https://www.reddit.com/gallery/12mhlh8,Danagog,0
857,FantasticFour,13cd9js,Repost (It got removed by mods by mistake and told to repost) - but with the Fancasts I still think Yvonne Strahovski has the entire range of Sue Storm (if Adam Driver is the right age for Reed). I am not particularly good with AI Art or Photoshop but I had a go. She was in Chuck and Handmaids Tale,,33,88,0.92,2023-05-09 05:51:52,Artwork,https://i.redd.it/vndcwxaczpya1.png,evilspyboy,0
858,suits,13b6d6q,AI art üíÄüíÄüíÄ,,36,86,0.86,2023-05-08 02:16:21,Character related ,https://www.reddit.com/gallery/13b6d6q,yaknow_your_enemy,0
859,DefendingAIArt,12gjvl6,"It's ironic she mentions coal mine, since I don't remember the artistic community getting outraged when actual coal miners lost their jobs. Their whole beef with AI has nothing to do with AI making people to lose their jobs, they just want special protection for a given worker class: theirs",,40,70,0.92,2023-04-09 16:45:13,,https://i.redd.it/al3yskph4vsa1.png,Present_Dimension464,0
861,HungryArtists,12hkw1p,[hiring] Looking to hire and artist that can do high quality anime art with soft rendering similar to the style shown (budget 150-200$).,,132,215,0.99,2023-04-10 17:44:02,Hiring,https://i.redd.it/2bkvclhx14ta1.jpg,cokodose,0
862,HunterXHunter,136frwl,I recently found a talented artist and I want to promote his work. His art is beautiful and has made pieces of different manga...including HxH!,,19,411,0.98,2023-05-03 12:40:18,,https://i.redd.it/dl240rcpomxa1.jpg,MrInfinitumEnd,0
863,steinsgate,12jct19,"AI Art || i2i ""Mad Scientists""",,67,881,0.86,2023-04-12 09:36:05,S;G Art,https://i.redd.it/jfpk0s6deeta1.png,J_Lezter,0
864,manga,130qic9,[Art] - Dragon Ball Volume 22 Cover by 'Food Wars' artist Shun Saeki,,22,717,0.97,2023-04-27 18:11:22,ART,https://i.redd.it/q7df4aur0gwa1.jpg,asilvertintedrose,0
865,avatartrading,13c4nxu,Draw This in Your Style: Avatar Artist Edition #3 - Astral Spellcaster (See Art Contest Details Below!),,52,25,1.0,2023-05-09 00:00:54,Official Artist Post üñç,https://www.reddit.com/gallery/13c4nxu,dreamingcolors,0
868,Eragon,136vciw,"Eragon and Saphira, as depicted by Midjourney Ai art",,34,156,0.78,2023-05-03 21:28:28,AI generated,https://i.redd.it/jbp0un72tnxa1.jpg,thewillwiggins,0
869,WitchesVsPatriarchy,13c7j5z,"Hi! My name is Keely, and I'm a lady artist that makes magic things from dreams. I'm having a sale of my traditionally made scratchboard art pieces, so come have a look, or just say hello!",,15,241,0.99,2023-05-09 01:46:15,Marketplace,https://www.reddit.com/gallery/13c7j5z,bestunicorn,0
870,OshiNoKo,139xo2o,[Onenechan] Found this amazing fan art of Ai from twitter,,14,562,1.0,2023-05-06 21:16:41,,https://i.redd.it/qxi33yiknaya1.jpg,ChickenVeggi,0
871,ReincarnationTruth,12ywyoo,the reincarnation process (AI art),,73,110,0.97,2023-04-26 00:38:21,,https://i.redd.it/j8xmqiyvn3wa1.jpg,dinosaurninja,0
872,JustNatsuki,12v6zl9,Natsuki cuddling with Bl√•haj (Artist:RaionArt),,23,1217,0.99,2023-04-22 17:08:32,Fan Art (Non-OC),https://i.redd.it/y64igwajihva1.jpg,TheWrestlingGod_2004,0
875,ClassroomOfTheElite,13a7e6b,Cute Bunny Suit Ichinose [AI Art],,16,368,0.96,2023-05-07 03:33:21,Art (AI-generated),https://i.redd.it/cuiybdn71bya1.jpg,asilvertintedrose,0
876,tbatenovel,13ddjw3,AI art (little talk in comments for those who care),,25,84,0.85,2023-05-10 05:16:29,AI Art,https://www.reddit.com/gallery/13ddjw3,Jdog6503,0
